{"stats":{"minecraft:picked_up":{"minecraft:milk_bucket":1,"minecraft:warped_fungus_on_a_stick":2,"minecraft:leather":134,"minecraft:lead":2,"minecraft:stone_button":3,"minecraft:redstone":2,"minecraft:dragon_egg":2,"minecraft:rotten_flesh":2,"minecraft:birch_sign":1,"minecraft:saddle":5,"minecraft:ender_pearl":1},"minecraft:custom":{"minecraft:time_since_rest":624,"minecraft:sprint_one_cm":81384,"minecraft:walk_one_cm":132954,"minecraft:mob_kills":11,"minecraft:drop":1,"minecraft:damage_dealt":2253,"minecraft:fly_one_cm":831952,"minecraft:open_chest":10,"minecraft:crouch_one_cm":2522,"minecraft:play_time":94500,"minecraft:sneak_time":1371,"minecraft:deaths":15,"minecraft:jump":841,"minecraft:leave_game":23,"minecraft:time_since_death":598,"minecraft:total_world_time":108945,"minecraft:inspect_dispenser":32,"minecraft:horse_one_cm":58623},"minecraft:used":{"minecraft:lever":3,"minecraft:warped_fungus_on_a_stick":35,"minecraft:command_block":22,"minecraft:grass_block":1,"minecraft:dispenser":4,"minecraft:redstone":2,"minecraft:lime_wool":9,"minecraft:stone_button":7,"minecraft:chest":2,"minecraft:redstone_block":62,"minecraft:oak_leaves":1,"minecraft:dragon_egg":3,"minecraft:diamond_sword":3,"minecraft:diamond_block":155,"minecraft:podzol":4,"minecraft:birch_sign":30,"minecraft:gold_block":1,"minecraft:magenta_glazed_terracotta":47,"minecraft:end_stone":108,"minecraft:obsidian":492},"minecraft:dropped":{"minecraft:podzol":1},"minecraft:killed":{"minecraft:trader_llama":2,"minecraft:wandering_trader":1,"minecraft:zombie_horse":6,"minecraft:enderman":1}},"DataVersion":3337}