{"stats":{"minecraft:dropped":{"minecraft:podzol":1},"minecraft:custom":{"minecraft:time_since_rest":14769,"minecraft:crouch_one_cm":789,"minecraft:sprint_one_cm":32739,"minecraft:play_time":51247,"minecraft:deaths":2,"minecraft:walk_one_cm":47907,"minecraft:sneak_time":533,"minecraft:drop":1,"minecraft:jump":353,"minecraft:damage_dealt":20,"minecraft:leave_game":19,"minecraft:time_since_death":14749,"minecraft:total_world_time":52947,"minecraft:fly_one_cm":407490,"minecraft:inspect_dispenser":27},"minecraft:used":{"minecraft:lever":2,"minecraft:diamond_block":1,"minecraft:warped_fungus_on_a_stick":23,"minecraft:command_block":3,"minecraft:dispenser":3,"minecraft:podzol":4,"minecraft:redstone_block":43},"minecraft:picked_up":{"minecraft:warped_fungus_on_a_stick":1,"minecraft:redstone":2,"minecraft:ender_pearl":1}},"DataVersion":3337}