{"stats":{"minecraft:dropped":{"minecraft:porkchop":1,"minecraft:white_concrete":1},"minecraft:custom":{"minecraft:mob_kills":5,"minecraft:leave_game":64,"minecraft:time_since_death":1437056,"minecraft:sprint_one_cm":988463,"minecraft:walk_one_cm":1220595,"minecraft:drop":2,"minecraft:play_time":1437056,"minecraft:sneak_time":80041,"minecraft:walk_under_water_one_cm":1371,"minecraft:jump":13517,"minecraft:walk_on_water_one_cm":175,"minecraft:total_world_time":7172665,"minecraft:time_since_rest":1437056,"minecraft:damage_dealt":595,"minecraft:fly_one_cm":29730696,"minecraft:crouch_one_cm":68104,"minecraft:fall_one_cm":269},"minecraft:used":{"minecraft:moss_block":9,"minecraft:purpur_block":77,"minecraft:stripped_acacia_wood":34,"minecraft:blue_terracotta":10,"minecraft:red_sand":1,"minecraft:acacia_log":32,"minecraft:polished_deepslate":33,"minecraft:orange_concrete":24,"minecraft:redstone_ore":4,"minecraft:red_concrete":9,"minecraft:redstone":1504,"minecraft:polished_blackstone":548,"minecraft:oak_sign":10,"minecraft:light_blue_terracotta":8,"minecraft:stripped_warped_stem":26,"minecraft:spruce_planks":27,"minecraft:stone":35,"minecraft:purple_shulker_box":8,"minecraft:sculk":8,"minecraft:stripped_jungle_wood":28,"minecraft:deepslate_gold_ore":17,"minecraft:stripped_birch_wood":30,"minecraft:stripped_crimson_stem":26,"minecraft:green_glazed_terracotta":5,"minecraft:oxidized_cut_copper":4,"minecraft:dirt":1,"minecraft:nether_quartz_ore":18,"minecraft:prismarine_bricks":36,"minecraft:jungle_planks":25,"minecraft:crimson_hyphae":33,"minecraft:orange_wool":10,"minecraft:oak_wood":25,"minecraft:cyan_wool":12,"minecraft:blue_concrete":67,"minecraft:stripped_spruce_log":25,"minecraft:polished_diorite":10,"minecraft:polished_blackstone_slab":63,"minecraft:glass":82,"minecraft:dark_oak_planks":27,"minecraft:waxed_oxidized_copper":4,"minecraft:honey_block":3,"minecraft:packed_ice":8,"minecraft:sea_lantern":9,"minecraft:cyan_terracotta":3110,"minecraft:mangrove_log":25,"minecraft:stripped_dark_oak_wood":25,"minecraft:red_wool":92,"minecraft:warped_hyphae":37,"minecraft:spruce_wood":25,"minecraft:deepslate_copper_ore":16,"minecraft:packed_mud":34,"minecraft:slime_block":154,"minecraft:smooth_sandstone":4,"minecraft:jungle_log":25,"minecraft:quartz_block":495,"minecraft:dark_oak_wood":63,"minecraft:mud_bricks":27,"minecraft:pink_wool":9,"minecraft:crimson_planks":33,"minecraft:stone_bricks":25,"minecraft:light_gray_wool":591,"minecraft:stripped_mangrove_log":26,"minecraft:deepslate_diamond_ore":17,"minecraft:repeater":165,"minecraft:purple_concrete":8,"minecraft:lime_concrete":20,"minecraft:honeycomb_block":8,"minecraft:magma_block":24,"minecraft:magenta_wool":8,"minecraft:magenta_terracotta":9,"minecraft:yellow_glazed_terracotta":9,"minecraft:blue_shulker_box":8,"minecraft:oxidized_copper":2,"minecraft:acacia_wood":26,"minecraft:gold_block":5,"minecraft:acacia_planks":36,"minecraft:observer":2,"minecraft:orange_terracotta":8,"minecraft:polished_blackstone_stairs":304,"minecraft:stripped_spruce_wood":27,"minecraft:lime_glazed_terracotta":8,"minecraft:crimson_stem":25,"minecraft:brain_coral_block":4,"minecraft:deepslate_emerald_ore":16,"minecraft:mossy_stone_bricks":26,"minecraft:warped_stem":32,"minecraft:diorite":28,"minecraft:tube_coral_block":4,"minecraft:mangrove_wood":25,"minecraft:amethyst_block":18,"minecraft:light_blue_glazed_terracotta":8,"minecraft:stripped_acacia_log":25,"minecraft:birch_planks":34,"minecraft:stripped_birch_log":26,"minecraft:red_nether_bricks":8,"minecraft:mangrove_planks":33,"minecraft:prismarine":34,"minecraft:lime_wool":20,"minecraft:oak_planks":26,"minecraft:birch_wood":27,"minecraft:blue_wool":12,"minecraft:blackstone":4,"minecraft:purple_glazed_terracotta":8,"minecraft:red_mushroom_block":9,"minecraft:redstone_block":332,"minecraft:glow_ink_sac":9,"minecraft:purpur_pillar":8,"minecraft:polished_blackstone_bricks":4,"minecraft:white_wool":2261,"minecraft:pink_concrete":9,"minecraft:jungle_wood":27,"minecraft:stripped_mangrove_wood":33,"minecraft:mossy_cobblestone":46,"minecraft:diamond_block":135,"minecraft:lime_terracotta":9,"minecraft:comparator":2,"minecraft:stripped_dark_oak_log":25,"minecraft:yellow_terracotta":8,"minecraft:light_blue_concrete":427,"minecraft:cyan_glazed_terracotta":10,"minecraft:light_blue_wool":130,"minecraft:smooth_red_sandstone":11,"minecraft:deepslate_redstone_ore":16,"minecraft:yellow_concrete":8,"minecraft:blue_ice":113,"minecraft:purple_terracotta":9,"minecraft:dripstone_block":20,"minecraft:gray_concrete":182,"minecraft:infested_deepslate":8,"minecraft:end_stone":4,"minecraft:deepslate_lapis_ore":20,"minecraft:warped_planks":34,"minecraft:spruce_log":28,"minecraft:nether_gold_ore":19,"minecraft:purple_concrete_powder":1,"minecraft:redstone_torch":10,"minecraft:oak_log":29,"minecraft:sticky_piston":35,"minecraft:dark_prismarine":56,"minecraft:blue_glazed_terracotta":9,"minecraft:black_concrete":883,"minecraft:black_wool":6,"minecraft:stripped_jungle_log":25,"minecraft:dark_oak_log":25,"minecraft:command_block":1381,"minecraft:light_gray_concrete":830,"minecraft:deepslate_iron_ore":18,"minecraft:brown_wool":8,"minecraft:stone_button":5,"minecraft:lapis_ore":4,"minecraft:cyan_concrete":13,"minecraft:magenta_concrete":8,"minecraft:red_terracotta":9,"minecraft:deepslate":5,"minecraft:yellow_wool":10,"minecraft:stripped_warped_hyphae":42,"minecraft:cobblestone":25,"minecraft:stripped_crimson_hyphae":36,"minecraft:red_concrete_powder":1,"minecraft:stripped_oak_wood":26,"minecraft:pink_shulker_box":8,"minecraft:bubble_coral_block":4,"minecraft:lapis_block":8,"minecraft:chain_command_block":5,"minecraft:birch_log":25,"minecraft:deepslate_coal_ore":17,"minecraft:magenta_glazed_terracotta":8,"minecraft:repeating_command_block":40,"minecraft:stripped_oak_log":26,"minecraft:white_concrete":625,"minecraft:gray_wool":25,"minecraft:smooth_stone":4,"minecraft:purple_wool":8},"minecraft:killed":{"minecraft:spider":1,"minecraft:creeper":1,"minecraft:cow":2},"minecraft:picked_up":{"minecraft:string":83,"minecraft:comparator":1,"minecraft:porkchop":1,"minecraft:stone_button":1,"minecraft:redstone":102,"minecraft:repeater":18,"minecraft:cooked_beef":115,"minecraft:salmon":2,"minecraft:leather":63,"minecraft:gunpowder":73,"minecraft:apple":1,"minecraft:spider_eye":33,"minecraft:bone_meal":1,"minecraft:white_concrete":1,"minecraft:oak_sapling":1}},"DataVersion":3337}