{"stats":{"minecraft:mined":{"minecraft:grass_block":3,"minecraft:grass":1},"minecraft:custom":{"minecraft:interact_with_crafting_table":1,"minecraft:open_barrel":5,"minecraft:open_shulker_box":6,"minecraft:leave_game":104,"minecraft:time_since_death":2900588,"minecraft:sprint_one_cm":8019275,"minecraft:drop":22,"minecraft:play_time":10099836,"minecraft:deaths":7,"minecraft:jump":96081,"minecraft:walk_on_water_one_cm":57035,"minecraft:interact_with_loom":26,"minecraft:damage_dealt":304,"minecraft:crouch_one_cm":267884,"minecraft:inspect_dispenser":6,"minecraft:horse_one_cm":290,"minecraft:mob_kills":2,"minecraft:inspect_hopper":1,"minecraft:fill_cauldron":13,"minecraft:climb_one_cm":5098,"minecraft:walk_one_cm":5353083,"minecraft:sneak_time":320399,"minecraft:walk_under_water_one_cm":140628,"minecraft:total_world_time":20931051,"minecraft:pot_flower":40,"minecraft:time_since_rest":2900609,"minecraft:damage_taken":490,"minecraft:swim_one_cm":5730,"minecraft:fly_one_cm":237969247,"minecraft:open_chest":4,"minecraft:fall_one_cm":5794},"minecraft:killed":{"minecraft:sheep":1,"minecraft:cow":1},"minecraft:picked_up":{"minecraft:birch_door":22,"minecraft:black_carpet":87,"minecraft:redstone_block":67,"minecraft:birch_button":2,"minecraft:light":2,"minecraft:armor_stand":2,"minecraft:oak_sign":1,"minecraft:comparator":1,"minecraft:smooth_stone":64,"minecraft:redstone_torch":8,"minecraft:smooth_quartz":1,"minecraft:dark_oak_door":4,"minecraft:stick":14,"minecraft:orange_shulker_box":5,"minecraft:jungle_door":1,"minecraft:torch":31,"minecraft:command_block":5,"minecraft:cobblestone":64,"minecraft:sponge":1,"minecraft:barrier":1,"minecraft:cooked_beef":26,"minecraft:repeater":60,"minecraft:iron_door":12,"minecraft:dirt":101,"minecraft:lantern":2,"minecraft:gray_concrete_powder":5,"minecraft:wheat_seeds":15,"minecraft:sand":9,"minecraft:crimson_door":4,"minecraft:grass_block":1,"minecraft:orange_wool":1,"minecraft:polished_blackstone_pressure_plate":1,"minecraft:soul_lantern":1,"minecraft:lever":8,"minecraft:writable_book":1,"minecraft:deepslate_coal_ore":64,"minecraft:oak_sapling":8,"minecraft:light_gray_carpet":32,"minecraft:ladder":4,"minecraft:acacia_button":1,"minecraft:white_stained_glass":1,"minecraft:white_carpet":156,"minecraft:magenta_wool":1,"minecraft:birch_sapling":1,"minecraft:dark_oak_sapling":1,"minecraft:stone_button":4,"minecraft:redstone":854,"minecraft:stone_pressure_plate":1,"minecraft:bamboo_button":1,"minecraft:arrow":48,"minecraft:mutton":2,"minecraft:white_wool":2,"minecraft:chiseled_bookshelf":1,"minecraft:leather":66,"minecraft:packed_mud":64,"minecraft:bedrock":1,"minecraft:birch_pressure_plate":1,"minecraft:red_carpet":31,"minecraft:apple":2,"minecraft:acacia_sapling":1,"minecraft:chain_command_block":3,"minecraft:red_concrete_powder":1,"minecraft:dandelion":4,"minecraft:light_blue_stained_glass":64,"minecraft:spruce_door":4,"minecraft:light_blue_carpet":9,"minecraft:cherry_sapling":5,"minecraft:black_wool":1},"minecraft:used":{"minecraft:moss_block":33,"minecraft:cherry_sapling":12,"minecraft:moss_carpet":5,"minecraft:blue_terracotta":45,"minecraft:writable_book":1,"minecraft:red_sand":44,"minecraft:polished_granite_stairs":22,"minecraft:chiseled_deepslate":2,"minecraft:smooth_quartz_slab":65,"minecraft:dispenser":23,"minecraft:spruce_slab":9,"minecraft:polished_blackstone":98,"minecraft:suspicious_sand":37,"minecraft:ladder":16,"minecraft:oak_sign":58,"minecraft:black_carpet":167,"minecraft:white_concrete_powder":163,"minecraft:decorated_pot":28,"minecraft:chest":28,"minecraft:stone":2428,"minecraft:white_terracotta":1461,"minecraft:brown_concrete":17,"minecraft:creeper_head":1,"minecraft:stripped_jungle_wood":3,"minecraft:quartz_stairs":158,"minecraft:grass":3,"minecraft:smooth_sandstone_stairs":316,"minecraft:green_terracotta":44,"minecraft:spruce_leaves":3,"minecraft:soul_sand":51,"minecraft:birch_pressure_plate":10,"minecraft:blue_stained_glass":90,"minecraft:orange_glazed_terracotta":2,"minecraft:prismarine_brick_stairs":1,"minecraft:orange_wool":65,"minecraft:deepslate_tile_slab":138,"minecraft:pink_terracotta":52,"minecraft:acacia_sapling":14,"minecraft:tuff":16,"minecraft:polished_deepslate_stairs":25,"minecraft:jungle_sapling":42,"minecraft:glass":393,"minecraft:waxed_oxidized_copper":2,"minecraft:packed_ice":39,"minecraft:honey_block":3,"minecraft:lava_bucket":2831,"minecraft:mangrove_log":6,"minecraft:bricks":153,"minecraft:coal_ore":12,"minecraft:quartz_pillar":1435,"minecraft:quartz_slab":249,"minecraft:grass_block":5331,"minecraft:red_wool":52,"minecraft:black_stained_glass_pane":17,"minecraft:lantern":41,"minecraft:deepslate_copper_ore":4,"minecraft:copper_ore":29,"minecraft:birch_sapling":13,"minecraft:orange_shulker_box":2,"minecraft:polished_andesite_stairs":67,"minecraft:packed_mud":58,"minecraft:quartz_block":134,"minecraft:polished_blackstone_brick_wall":42,"minecraft:warped_nylium":356,"minecraft:dark_oak_slab":18,"minecraft:gray_concrete_powder":317,"minecraft:raw_gold_block":15,"minecraft:diorite_wall":9,"minecraft:pink_wool":113,"minecraft:stone_brick_stairs":32,"minecraft:bedrock":2183,"minecraft:birch_button":20,"minecraft:deepslate_diamond_ore":33,"minecraft:birch_trapdoor":78,"minecraft:reinforced_deepslate":313,"minecraft:repeater":701,"minecraft:red_carpet":377,"minecraft:redstone_lamp":101,"minecraft:magma_block":29,"minecraft:mangrove_roots":1,"minecraft:yellow_glazed_terracotta":74,"minecraft:oak_sapling":24,"minecraft:oxidized_cut_copper_stairs":14,"minecraft:acacia_fence":9,"minecraft:polished_diorite_stairs":7,"minecraft:gold_block":36,"minecraft:skeleton_skull":4,"minecraft:pearlescent_froglight":443,"minecraft:dragon_head":4,"minecraft:seagrass":2,"minecraft:dark_prismarine_stairs":55,"minecraft:polished_blackstone_stairs":69,"minecraft:stripped_spruce_wood":47,"minecraft:lime_glazed_terracotta":3,"minecraft:dark_oak_sapling":6,"minecraft:light_blue_carpet":27,"minecraft:emerald_ore":31,"minecraft:dark_oak_stairs":55,"minecraft:chiseled_polished_blackstone":49,"minecraft:bamboo_trapdoor":63,"minecraft:bamboo_mosaic":78,"minecraft:spruce_door":1,"minecraft:brick_wall":19,"minecraft:red_stained_glass":179,"minecraft:blackstone_stairs":94,"minecraft:prismarine":266,"minecraft:oak_planks":87,"minecraft:birch_wood":160,"minecraft:blackstone":169,"minecraft:sandstone":1782,"minecraft:black_glazed_terracotta":149,"minecraft:redstone_block":1121,"minecraft:clay":14,"minecraft:purpur_pillar":590,"minecraft:smooth_quartz_stairs":205,"minecraft:oak_leaves":10,"minecraft:bamboo_stairs":52,"minecraft:white_wool":132,"minecraft:dark_oak_trapdoor":23,"minecraft:blue_dye":1,"minecraft:sand":361,"minecraft:yellow_terracotta":79,"minecraft:light_blue_concrete":396,"minecraft:loom":1502,"minecraft:yellow_concrete":607,"minecraft:light_gray_terracotta":179,"minecraft:deepslate_redstone_ore":17,"minecraft:blue_ice":198,"minecraft:cyan_dye":1,"minecraft:sponge":1268,"minecraft:blackstone_wall":90,"minecraft:ochre_froglight":109,"minecraft:dripstone_block":5,"minecraft:stone_brick_wall":323,"minecraft:gray_concrete":58,"minecraft:stripped_cherry_wood":5,"minecraft:black_concrete_powder":225,"minecraft:deepslate_lapis_ore":32,"minecraft:end_stone":9,"minecraft:cobbled_deepslate_stairs":112,"minecraft:bamboo_button":10,"minecraft:birch_fence":27,"minecraft:deepslate_tiles":50,"minecraft:redstone_torch":55,"minecraft:lever":7,"minecraft:green_concrete":7,"minecraft:blue_glazed_terracotta":2,"minecraft:red_sandstone":94,"minecraft:black_concrete":31,"minecraft:chiseled_sandstone":405,"minecraft:birch_fence_gate":1,"minecraft:crying_obsidian":20,"minecraft:birch_slab":461,"minecraft:dark_oak_log":95,"minecraft:lime_carpet":7,"minecraft:light_gray_concrete":39,"minecraft:zombie_head":1,"minecraft:heavy_weighted_pressure_plate":3,"minecraft:deepslate_iron_ore":5,"minecraft:verdant_froglight":295,"minecraft:brown_stained_glass":12,"minecraft:barrier":222,"minecraft:warped_slab":26,"minecraft:stone_button":36,"minecraft:white_glazed_terracotta":5,"minecraft:red_terracotta":12,"minecraft:polished_granite":13,"minecraft:oak_pressure_plate":1,"minecraft:diamond_ore":10,"minecraft:iron_door":22,"minecraft:cut_red_sandstone":11,"minecraft:deepslate":36,"minecraft:gravel":12,"minecraft:soul_lantern":20,"minecraft:blackstone_slab":4,"minecraft:stripped_warped_hyphae":125,"minecraft:diamond_sword":1,"minecraft:coal_block":645,"minecraft:suspicious_gravel":8,"minecraft:light_blue_concrete_powder":42,"minecraft:dark_oak_fence":19,"minecraft:birch_log":5,"minecraft:white_stained_glass":1067,"minecraft:crimson_door":1,"minecraft:deepslate_coal_ore":2,"minecraft:pink_stained_glass":47,"minecraft:smooth_stone_slab":672,"minecraft:white_concrete":664,"minecraft:coarse_dirt":6,"minecraft:bamboo_mosaic_slab":6,"minecraft:bone_meal":1503,"minecraft:gray_stained_glass":12,"minecraft:diorite_stairs":2,"minecraft:oak_fence":179,"minecraft:oak_trapdoor":3,"minecraft:purpur_block":116,"minecraft:jungle_leaves":7,"minecraft:polished_blackstone_brick_slab":188,"minecraft:iron_bars":91,"minecraft:cherry_wood":500,"minecraft:waxed_weathered_copper":508,"minecraft:acacia_log":4,"minecraft:orange_concrete":178,"minecraft:redstone_ore":24,"minecraft:red_concrete":280,"minecraft:redstone":2554,"minecraft:light_gray_carpet":10,"minecraft:mycelium":1,"minecraft:light_blue_terracotta":12,"minecraft:spruce_planks":217,"minecraft:tinted_glass":29,"minecraft:deepslate_gold_ore":12,"minecraft:stripped_birch_wood":24,"minecraft:polished_blackstone_wall":2,"minecraft:sandstone_wall":4,"minecraft:dried_kelp_block":68,"minecraft:netherrack":238,"minecraft:torch":187,"minecraft:orange_stained_glass":95,"minecraft:green_glazed_terracotta":11,"minecraft:end_stone_brick_wall":5,"minecraft:dirt":42,"minecraft:target":63,"minecraft:white_carpet":394,"minecraft:light_blue_dye":2,"minecraft:hopper":8,"minecraft:cherry_pressure_plate":3,"minecraft:nether_quartz_ore":19,"minecraft:prismarine_bricks":199,"minecraft:spruce_stairs":26,"minecraft:cobblestone_wall":433,"minecraft:stone_stairs":32,"minecraft:yellow_carpet":5,"minecraft:warped_pressure_plate":5,"minecraft:spruce_fence":30,"minecraft:light_blue_stained_glass":153,"minecraft:blue_concrete":186,"minecraft:oak_fence_gate":1,"minecraft:polished_diorite":8,"minecraft:birch_door":45,"minecraft:andesite_wall":199,"minecraft:purple_stained_glass_pane":19,"minecraft:dark_oak_planks":847,"minecraft:sea_lantern":105,"minecraft:bamboo_fence":2,"minecraft:light_gray_stained_glass":19,"minecraft:yellow_stained_glass":63,"minecraft:muddy_mangrove_roots":44,"minecraft:iron_block":468,"minecraft:light_weighted_pressure_plate":3,"minecraft:oak_stairs":15,"minecraft:slime_block":3,"minecraft:smooth_sandstone":149,"minecraft:acacia_slab":20,"minecraft:jungle_log":5,"minecraft:polished_blackstone_brick_stairs":183,"minecraft:smooth_quartz":4299,"minecraft:lime_dye":1,"minecraft:barrel":47,"minecraft:smooth_basalt":24,"minecraft:light_gray_wool":2,"minecraft:basalt":26,"minecraft:purple_concrete":26,"minecraft:glowstone":257,"minecraft:lime_concrete":25,"minecraft:gray_glazed_terracotta":114,"minecraft:black_stained_glass":532,"minecraft:magenta_wool":130,"minecraft:magenta_terracotta":1,"minecraft:emerald_block":44,"minecraft:iron_trapdoor":24,"minecraft:soul_soil":4,"minecraft:lime_stained_glass":47,"minecraft:oxidized_copper":205,"minecraft:deepslate_tile_stairs":2,"minecraft:white_stained_glass_pane":260,"minecraft:podzol":1,"minecraft:crimson_pressure_plate":4,"minecraft:stone_pressure_plate":24,"minecraft:red_dye":1,"minecraft:cobbled_deepslate":334,"minecraft:observer":4,"minecraft:cherry_log":2,"minecraft:orange_terracotta":7,"minecraft:bamboo_planks":41,"minecraft:crimson_stem":10,"minecraft:deepslate_emerald_ore":22,"minecraft:calcite":48,"minecraft:water_bucket":35,"minecraft:chiseled_bookshelf":414,"minecraft:warped_stem":12,"minecraft:dirt_path":26,"minecraft:iron_ore":7,"minecraft:cobblestone_stairs":197,"minecraft:sandstone_stairs":36,"minecraft:pink_glazed_terracotta":2,"minecraft:snow_block":296,"minecraft:prismarine_brick_slab":14,"minecraft:birch_planks":511,"minecraft:polished_andesite":78,"minecraft:lime_wool":44,"minecraft:copper_block":120,"minecraft:smooth_sandstone_slab":87,"minecraft:purple_glazed_terracotta":135,"minecraft:cut_sandstone":181,"minecraft:red_mushroom_block":2,"minecraft:cauldron":16,"minecraft:magenta_stained_glass":53,"minecraft:red_glazed_terracotta":5,"minecraft:glow_ink_sac":35,"minecraft:spruce_fence_gate":2,"minecraft:gold_ore":23,"minecraft:deepslate_bricks":269,"minecraft:waxed_copper_block":625,"minecraft:polished_blackstone_bricks":420,"minecraft:bamboo_mosaic_stairs":5,"minecraft:pink_concrete":521,"minecraft:polished_blackstone_pressure_plate":29,"minecraft:mossy_cobblestone":10,"minecraft:diamond_block":10,"minecraft:orange_carpet":1,"minecraft:lime_terracotta":32,"minecraft:comparator":3,"minecraft:terracotta":13,"minecraft:cyan_glazed_terracotta":2,"minecraft:oak_slab":12,"minecraft:crafting_table":1,"minecraft:red_bed":2,"minecraft:bamboo_block":102,"minecraft:white_bed":1,"minecraft:dark_oak_fence_gate":1,"minecraft:painting":1,"minecraft:brown_glazed_terracotta":2,"minecraft:magenta_carpet":3,"minecraft:piglin_head":1,"minecraft:spruce_log":126,"minecraft:dark_oak_door":15,"minecraft:nether_gold_ore":18,"minecraft:cyan_stained_glass":23,"minecraft:deepslate_tile_wall":92,"minecraft:purple_stained_glass":53,"minecraft:oak_log":17,"minecraft:mud":9,"minecraft:flower_pot":46,"minecraft:dark_prismarine":78,"minecraft:yellow_dye":1,"minecraft:light":1555,"minecraft:acacia_stairs":30,"minecraft:black_wool":44,"minecraft:warped_trapdoor":17,"minecraft:mangrove_pressure_plate":4,"minecraft:command_block":2660,"minecraft:cracked_polished_blackstone_bricks":13,"minecraft:lapis_ore":15,"minecraft:spruce_pressure_plate":2,"minecraft:magenta_concrete":168,"minecraft:jungle_stairs":23,"minecraft:cyan_concrete":108,"minecraft:stone_slab":88,"minecraft:spruce_trapdoor":14,"minecraft:spruce_sapling":11,"minecraft:crimson_nylium":10,"minecraft:green_carpet":1,"minecraft:chiseled_stone_bricks":146,"minecraft:cobblestone":1888,"minecraft:cobbled_deepslate_slab":114,"minecraft:red_concrete_powder":119,"minecraft:bucket":7,"minecraft:jungle_door":2,"minecraft:chain_command_block":314,"minecraft:sandstone_slab":111,"minecraft:lapis_block":1,"minecraft:glass_pane":125,"minecraft:magenta_glazed_terracotta":4,"minecraft:repeating_command_block":538,"minecraft:polished_blackstone_button":8,"minecraft:sea_pickle":16,"minecraft:gray_wool":4,"minecraft:smooth_stone":331,"minecraft:birch_stairs":86,"minecraft:green_stained_glass":20},"minecraft:crafted":{"minecraft:decorated_pot":1},"minecraft:dropped":{"minecraft:quartz_pillar":1,"minecraft:grass":1,"minecraft:mutton":2,"minecraft:black_shulker_box":1,"minecraft:writable_book":1,"minecraft:light_blue_stained_glass":64,"minecraft:smooth_quartz":1,"minecraft:smooth_stone":64,"minecraft:redstone_block":1,"minecraft:redstone":11,"minecraft:white_stained_glass":1}},"DataVersion":3465}